{
  "picCofigData": [
    {
      "size": 30,
      "wwan": {
        "quality": 50
      },
      "wifi": {
        "quality": 81
      }
    },
    {
      "size": 60,
      "wwan": {
        "quality": 50
      },
      "wifi": {
        "quality": 81
      }
    },
    {
      "size": 80,
      "wwan": {
        "quality": 50
      },
      "wifi": {
        "quality": 81
      }
    },
    {
      "size": 100,
      "wwan": {
        "quality": 50
      },
      "wifi": {
        "quality": 81
      }
    },
    {
      "size": 120,
      "wwan": {
        "quality": 50
      },
      "wifi": {
        "quality": 81
      }
    },
    {
      "size": 150,
      "wwan": {
        "quality": 50
      },
      "wifi": {
        "quality": 81
      }
    },
    {
      "size": 200,
      "wwan": {
        "quality": 50
      },
      "wifi": {
        "quality": 81
      }
    },
    {
      "size": 240,
      "wwan": {
        "quality": 50
      },
      "wifi": {
        "quality": 81
      }
    },
    {
      "size": 320,
      "wwan": {
        "quality": 50
      },
      "wifi": {
        "quality": 81
      }
    },
    {
      "size": 400,
      "wwan": {
        "quality": 50
      },
      "wifi": {
        "quality": 81
      }
    },
    {
      "size": 430,
      "wwan": {
        "quality": 50
      },
      "wifi": {
        "quality": 81
      }
    },
    {
      "size": 480,
      "wwan": {
        "quality": 50
      },
      "wifi": {
        "quality": 81
      }
    },
    {
      "size": 640,
      "wwan": {
        "quality": 50
      },
      "wifi": {
        "quality": 81
      }
    },
    {
      "size": 750,
      "wwan": {
        "quality": 50
      },
      "wifi": {
        "quality": 81
      }
    }
  ]
}